Epoch,L2_Error_T,PDE_Loss,Boundary_Loss,Total_Loss,time_history
0,1.071640926931532,34756.265625,0.08430460840463638,34756.3515625,0.15259981155395508
1,1.12781775791935,34751.00390625,0.07563614845275879,34751.08203125,0.2736036777496338
2,1.4074402158263655,34738.1796875,0.36751866340637207,34738.546875,0.3991889953613281
3,2.3062531365412062,34707.375,2.416996479034424,34709.7890625,0.5159521102905273
4,4.085867507339154,34640.54296875,10.848228454589844,34651.390625,0.6408205032348633
5,6.120940062949251,34525.4765625,29.26559829711914,34554.7421875,0.7605555057525635
6,7.055418834452944,34379.234375,44.444210052490234,34423.6796875,0.874061107635498
7,6.045305376663606,34167.41796875,36.898284912109375,34204.3125,0.9924452304840088
8,4.7903415250071095,33742.63671875,24.888919830322266,33767.5234375,1.0977258682250977
9,4.498668496455597,32959.24609375,26.44170379638672,32985.6875,1.2103056907653809
10,4.548818555194428,32319.84765625,31.653480529785156,32351.501953125,1.3094239234924316
11,4.390226058784301,32220.046875,31.80902862548828,32251.85546875,1.413421392440796
12,4.195710166184959,32149.005859375,28.26580810546875,32177.2734375,1.510455846786499
13,4.13506967665852,32100.74609375,27.959564208984375,32128.705078125,1.6024892330169678
14,4.0448144036914035,32038.0234375,27.426353454589844,32065.44921875,1.693225383758545
15,3.9242194322564186,31969.828125,26.16929054260254,31995.99609375,1.7828354835510254
16,3.8576499769502974,31885.7578125,25.538488388061523,31911.294921875,1.873838186264038
17,3.7756227302583145,31774.173828125,24.930484771728516,31799.10546875,1.9636409282684326
18,3.659219067046463,31619.4296875,23.803024291992188,31643.234375,2.0541491508483887
19,3.429253668238349,31398.09765625,21.59039306640625,31419.689453125,2.1429402828216553
20,3.0727417289775842,31081.232421875,17.675945281982422,31098.908203125,2.232450485229492
21,2.815045045713128,30633.982421875,13.958202362060547,30647.94140625,2.3245060443878174
22,2.74092122969026,29907.482421875,12.006511688232422,29919.48828125,2.4120192527770996
23,2.584033515341261,28851.1640625,9.401073455810547,28860.564453125,2.502528667449951
24,3.019966944709044,27789.83203125,9.875764846801758,27799.708984375,2.592463970184326
25,3.979996644970947,26613.6875,18.453828811645508,26632.142578125,2.6815783977508545
26,3.2321552361627277,25675.314453125,13.124138832092285,25688.439453125,2.7732791900634766
27,2.962936677799659,24868.818359375,13.223313331604004,24882.04296875,2.867466926574707
28,2.303953852497417,23942.130859375,9.79875659942627,23951.9296875,2.9609737396240234
29,1.834288120588363,22952.240234375,8.699207305908203,22960.939453125,3.052107095718384
30,2.8490233845492705,21652.94921875,13.733203887939453,21666.68359375,3.1441447734832764
31,5.2814159616372445,20796.4453125,36.61367416381836,20833.05859375,3.2378270626068115
32,6.346026644166158,19837.693359375,53.84851837158203,19891.54296875,3.327699661254883
33,9.730054222129192,17697.095703125,107.94457244873047,17805.041015625,3.417649030685425
34,13.168302760829977,16667.603515625,201.04904174804688,16868.65234375,3.5051558017730713
35,13.0393260070921,16187.75,200.97406005859375,16388.724609375,3.5935041904449463
36,12.072972455314442,16053.203125,175.97515869140625,16229.1787109375,3.6838860511779785
37,11.585133773227582,15947.4375,161.41683959960938,16108.853515625,3.773253917694092
38,11.536131967699271,15840.484375,159.72482299804688,16000.208984375,3.862706184387207
39,11.48448773398152,15733.587890625,158.58053588867188,15892.1689453125,3.9527862071990967
40,11.393314704284126,15613.294921875,155.68630981445312,15768.9814453125,4.042306184768677
41,11.334575975650443,15444.8525390625,152.38502502441406,15597.2373046875,4.147530555725098
42,11.358600335926887,15220.21484375,150.8100128173828,15371.025390625,4.2395923137664795
43,11.3849453324999,15011.82421875,149.65158081054688,15161.4765625,4.327616453170776
44,11.339351908181474,14819.8154296875,146.57110595703125,14966.38671875,4.417634725570679
45,11.301176325895828,14641.8330078125,143.85916137695312,14785.69140625,4.506689071655273
46,11.238903544096209,14481.630859375,140.68304443359375,14622.3134765625,4.5977394580841064
47,11.129171916766134,14351.4990234375,135.73060607910156,14487.2294921875,4.688248157501221
48,10.991013993505199,14238.2421875,131.37722778320312,14369.619140625,4.792984485626221
49,10.794780286808427,14138.6103515625,125.71128845214844,14264.3212890625,4.89749550819397
50,10.494864439430028,14044.6787109375,118.37732696533203,14163.0556640625,4.987005710601807
51,10.17565985106477,13949.3115234375,110.49556732177734,14059.8076171875,5.078008413314819
52,9.873268275862184,13853.69921875,102.93360137939453,13956.6328125,5.1679627895355225
53,9.517772622724113,13767.0673828125,96.32008361816406,13863.3876953125,5.258151054382324
54,9.22991463660182,13654.5498046875,89.46379852294922,13744.013671875,5.351197242736816
55,8.862987212478108,13546.8466796875,81.89861297607422,13628.744140625,5.440276145935059
56,8.31311030509454,13430.630859375,72.0354232788086,13502.666015625,5.529783725738525
57,7.486380064651527,13263.291015625,58.647098541259766,13321.9375,5.6222922801971436
58,6.137221706083329,12985.6240234375,40.01837921142578,13025.6416015625,5.7149271965026855
59,4.131264367667952,12637.2080078125,18.55368995666504,12655.76171875,5.802438259124756
60,2.5890939739875614,12346.615234375,7.835991859436035,12354.451171875,5.8929173946380615
61,1.7458058782091137,12120.625,3.811494827270508,12124.4375,5.9840452671051025
62,2.4207812010252536,11971.9521484375,6.160999298095703,11978.11328125,6.071970701217651
63,3.339177113520181,11877.19921875,11.676849365234375,11888.875,6.16090202331543
64,3.7183796817083716,11796.212890625,14.669225692749023,11810.8818359375,6.250537633895874
65,4.062836397737314,11732.4560546875,17.29206085205078,11749.748046875,6.340490102767944
66,4.5791283521357,11668.4619140625,21.498210906982422,11689.9599609375,6.430586099624634
67,5.136667003657614,11612.9150390625,26.772502899169922,11639.6875,6.521580219268799
68,5.634084049334557,11563.62109375,31.890295028686523,11595.51171875,6.61163592338562
69,6.069517792179385,11519.3330078125,36.908348083496094,11556.2412109375,6.700777530670166
70,6.449276977765159,11485.7763671875,41.57633972167969,11527.3525390625,6.794955730438232
71,6.774841493158532,11453.5390625,45.82391357421875,11499.36328125,6.887695789337158
72,7.077779126048328,11419.3212890625,49.32789993286133,11468.6484375,6.977699041366577
73,7.323684444361775,11388.4033203125,52.92485046386719,11441.328125,7.066964626312256
74,7.543657086963809,11367.2216796875,56.301513671875,11423.5224609375,7.155346155166626
75,7.760245019220457,11340.314453125,59.21821975708008,11399.5322265625,7.2486252784729
76,7.956484895264577,11318.8818359375,61.91425704956055,11380.7958984375,7.341165781021118
77,8.137802967428621,11295.921875,64.94180297851562,11360.86328125,7.429217338562012
78,8.318471296029621,11280.6943359375,68.1276626586914,11348.822265625,7.516392707824707
79,8.538229632146125,11256.791015625,70.8451919555664,11327.6357421875,7.601457357406616
80,8.696411324901016,11237.994140625,74.0552978515625,11312.0498046875,7.6925904750823975
81,8.858035684029014,11217.3671875,76.57696533203125,11293.943359375,7.788485050201416
82,9.004355803469384,11203.7900390625,78.76870727539062,11282.55859375,7.8795061111450195
83,9.114472510105939,11187.6630859375,80.80602264404297,11268.46875,7.969008207321167
84,9.2197006797743,11173.326171875,82.35604858398438,11255.6826171875,8.059512615203857
85,9.309689862037443,11160.251953125,83.74627685546875,11243.998046875,8.149031639099121
86,9.403301176013894,11159.755859375,84.61465454101562,11244.3701171875,8.234983682632446
87,9.428011206385754,11154.6796875,86.18920135498047,11240.869140625,8.317492485046387
88,9.47562479186984,11132.06640625,86.44993591308594,11218.5166015625,8.402011394500732
89,9.51941835217512,11117.4091796875,86.79119110107422,11204.2001953125,8.487531661987305
90,9.553736753876374,11105.2958984375,87.03192901611328,11192.328125,8.574533462524414
91,9.573736861759265,11094.2568359375,87.03872680664062,11181.294921875,8.668782472610474
92,9.584344843023453,11083.7021484375,86.80020141601562,11170.501953125,8.75845193862915
93,9.587013544741982,11073.4326171875,86.37698364257812,11159.8095703125,8.84899353981018
94,9.576614222848411,11066.8623046875,85.87581634521484,11152.73828125,8.939438104629517
95,9.566092964289094,11054.0234375,85.18214416503906,11139.2060546875,9.028955936431885
96,9.545668032285384,11043.81640625,84.4937744140625,11128.3095703125,9.117310047149658
97,9.516602440733731,11034.6884765625,83.69002532958984,11118.37890625,9.209825992584229
98,9.486317342555875,11032.7392578125,82.60645294189453,11115.345703125,9.294890403747559
99,9.440474694122686,11016.806640625,81.6384506225586,11098.4453125,9.385967493057251
100,9.394667748247949,11008.3203125,80.35273742675781,11088.673828125,9.476974248886108
101,9.344594777037731,11000.6748046875,79.07975769042969,11079.75390625,9.569213628768921
102,9.297615648431607,10992.6689453125,77.92559051513672,11070.5947265625,9.700633525848389
103,9.247709327342733,11002.4130859375,76.97672271728516,11079.390625,9.809392213821411
104,9.216410490932072,10983.5869140625,75.62027740478516,11059.20703125,9.931908130645752
105,9.178579609981934,10970.021484375,74.89840698242188,11044.919921875,10.028416633605957
106,9.151192085277534,10961.4814453125,74.01201629638672,11035.4931640625,10.142471313476562
107,9.12276425590611,10953.8564453125,73.3511734008789,11027.2080078125,10.24068570137024
108,9.094142950586376,10952.365234375,72.73346710205078,11025.0986328125,10.360758066177368
109,9.070165753287267,10939.1982421875,71.96885681152344,11011.1669921875,10.47426724433899
110,9.042890426913564,10933.7158203125,71.21215057373047,11004.927734375,10.582886934280396
111,9.01541080997003,10926.4599609375,70.75323486328125,10997.212890625,10.688395023345947
112,8.990281263640746,10923.759765625,70.27484130859375,10994.03515625,10.803194522857666
113,8.969730066452676,10914.099609375,69.7229995727539,10983.822265625,10.914317607879639
114,8.950021093822894,10908.5751953125,69.03175354003906,10977.607421875,11.023691892623901
115,8.927990053811978,10902.462890625,68.52519226074219,10970.98828125,11.125712394714355
116,8.898815614543906,10892.865234375,68.17581176757812,10961.041015625,11.24222183227539
117,8.87391105478031,10890.9892578125,67.87303924560547,10958.8623046875,11.3541738986969
118,8.846398322155906,10886.359375,67.61640167236328,10953.9755859375,11.461674928665161
119,8.842187424673185,10874.5244140625,67.20549774169922,10941.73046875,11.566179037094116
120,8.828380800432942,10867.388671875,66.86621856689453,10934.2548828125,11.672218322753906
121,8.822803517921077,10861.7041015625,66.73924255371094,10928.443359375,11.784385442733765
122,8.820203608838401,10856.2548828125,66.50215148925781,10922.7568359375,11.89988660812378
123,8.810325952659065,10849.990234375,66.37385559082031,10916.3642578125,12.006402492523193
124,8.811499955935252,10848.0556640625,66.13935089111328,10914.1953125,12.128476619720459
125,8.792374708525381,10843.1708984375,65.9522476196289,10909.123046875,12.224697589874268
126,8.794417182517643,10835.2666015625,65.85993194580078,10901.126953125,12.319267988204956
127,8.775619228027361,10828.8681640625,66.06908416748047,10894.9375,12.445253372192383
128,8.783994390345368,10821.2265625,65.93846130371094,10887.1640625,12.552399396896362
129,8.78390481744849,10815.0068359375,66.0325927734375,10881.0390625,12.694159507751465
130,8.791854665506367,10809.3134765625,66.04054260253906,10875.3544921875,12.81543755531311
131,8.800441619813816,10803.484375,66.15243530273438,10869.63671875,12.915482521057129
132,8.825855843170734,10809.84765625,66.07310485839844,10875.9208984375,13.011610746383667
133,8.796960830398199,10794.546875,66.69541931152344,10861.2421875,13.103487730026245
134,8.832345821115974,10786.9638671875,66.60160064697266,10853.5654296875,13.190006017684937
135,8.830471976395643,10778.9873046875,67.10559844970703,10846.0927734375,13.281426668167114
136,8.85014405521036,10771.6689453125,67.29137420654297,10838.9599609375,13.378494262695312
137,8.868030426713498,10766.470703125,67.5091781616211,10833.98046875,13.466546535491943
138,8.892409867075132,10770.822265625,67.55656433105469,10838.37890625,13.549758672714233
139,8.867709841521817,10754.767578125,68.235107421875,10823.0029296875,13.637807369232178
140,8.89592276758075,10747.2587890625,68.3569107055664,10815.6162109375,13.72602915763855
141,8.904099196675293,10741.44921875,68.66149139404297,10810.1103515625,13.829314231872559
142,8.903775101746781,10736.3798828125,69.12248229980469,10805.501953125,13.925598621368408
143,8.898536845483704,10740.572265625,69.63113403320312,10810.203125,14.012308359146118
144,8.939259343805915,10725.5166015625,69.43184661865234,10794.9482421875,14.102009534835815
145,8.935118121803315,10716.822265625,69.93426513671875,10786.7568359375,14.192432880401611
146,8.943528337440958,10712.5263671875,70.33170318603516,10782.8583984375,14.287964820861816
147,8.95898407680309,10707.1982421875,70.54682922363281,10777.7451171875,14.380556583404541
148,8.97223587843446,10700.3701171875,70.8288803100586,10771.19921875,14.4880850315094
149,8.987587579748267,10694.5947265625,71.08504486083984,10765.6796875,14.590820550918579
150,9.039184855010733,10764.9033203125,70.50300598144531,10835.40625,14.670815467834473
151,9.012755347892817,10701.1279296875,71.02708435058594,10772.154296875,14.757149696350098
152,9.011685926408871,10686.0419921875,71.44453430175781,10757.486328125,14.843661308288574
153,9.013258512291127,10678.634765625,71.80956268310547,10750.443359375,14.933032035827637
154,9.015750989016931,10674.3134765625,72.06068420410156,10746.375,15.02146291732788
155,9.02409199228544,10667.75390625,72.30121612548828,10740.0546875,15.111468076705933
156,9.028698241478086,10663.5107421875,72.49215698242188,10736.001953125,15.20052194595337
157,9.033935733448596,10659.7431640625,72.69105529785156,10732.43359375,15.293375015258789
158,9.038351145230589,10656.3681640625,72.8147964477539,10729.1826171875,15.389422416687012
159,9.042918693217377,10653.2587890625,72.89771270751953,10726.15625,15.479020833969116
160,9.046865391402324,10651.7265625,72.94551086425781,10724.671875,15.571539640426636
161,9.045267364360939,10646.298828125,73.02656555175781,10719.3251953125,15.666831016540527
162,9.040844951749955,10643.83984375,73.12703704833984,10716.9658203125,15.756345748901367
163,9.037472582360756,10641.763671875,73.16349029541016,10714.9267578125,15.844566822052002
164,9.02163963349684,10649.9814453125,73.34471130371094,10723.326171875,15.92907428741455
165,9.044569104450932,10635.158203125,72.8726806640625,10708.03125,16.01533818244934
166,9.031452299134392,10631.7509765625,72.87640380859375,10704.626953125,16.09797477722168
167,9.026065236219731,10629.99609375,72.93257904052734,10702.9287109375,16.18498969078064
168,9.025174772340451,10626.5205078125,72.74174499511719,10699.2626953125,16.276100873947144
169,9.02050511184205,10623.8623046875,72.63375854492188,10696.49609375,16.369227409362793
170,9.033417107193781,10633.708984375,72.28359985351562,10705.9921875,16.45883822441101
171,8.983659384300012,10623.62890625,72.54503631591797,10696.173828125,16.543484687805176
172,8.997014818775133,10622.3583984375,71.92442321777344,10694.2822265625,16.625001192092896
173,8.99777434918868,10617.9501953125,71.89334106445312,10689.8427734375,16.70876979827881
174,8.982773021976032,10611.78515625,71.93677520751953,10683.7216796875,16.80126667022705
175,8.965693108610795,10609.84375,71.88760375976562,10681.7314453125,16.891417503356934
176,8.961242027703175,10607.109375,71.66664123535156,10678.7763671875,16.981427669525146
177,8.95382488886168,10604.7734375,71.52178192138672,10676.294921875,17.072517156600952
178,8.94302915133439,10602.439453125,71.37327575683594,10673.8125,17.162959098815918
179,8.932036850991754,10600.177734375,71.19021606445312,10671.3681640625,17.255473375320435
180,8.921341706822059,10598.05859375,70.97357177734375,10669.0322265625,17.344498872756958
181,8.917283307810319,10619.78515625,70.58444213867188,10690.3701171875,17.432910442352295
182,8.913982161635426,10614.818359375,70.04163360595703,10684.859375,17.516411066055298
183,8.873547640542396,10596.1455078125,70.2512435913086,10666.396484375,17.60112452507019
184,8.857208735002624,10590.8671875,70.01280975341797,10660.8798828125,17.68612766265869
185,8.858298043697896,10588.3603515625,69.74009704589844,10658.099609375,17.772839546203613
186,8.837514742678653,10585.818359375,69.57432556152344,10655.392578125,17.86223554611206
187,8.82589210787566,10583.591796875,69.33235931396484,10652.9248046875,17.955746173858643
188,8.814905036393741,10581.5791015625,69.04754638671875,10650.6259765625,18.045827865600586
189,8.80787121508677,10581.0185546875,68.707763671875,10649.7265625,18.132975578308105
190,8.823174684200282,10617.69921875,67.94017791748047,10685.6396484375,18.215045928955078
191,8.755586484420842,10583.537109375,68.49642944335938,10652.033203125,18.300302743911743
192,8.74247478681304,10574.93359375,68.03996276855469,10642.97265625,18.382601261138916
193,8.745159784860851,10573.017578125,67.62085723876953,10640.638671875,18.470109701156616
194,8.72264507785114,10569.564453125,67.50395965576172,10637.068359375,18.558220148086548
195,8.707588553321413,10567.4658203125,67.19752502441406,10634.6630859375,18.64616346359253
196,8.69240998419211,10565.4599609375,66.96368408203125,10632.4228515625,18.736159324645996
197,8.67930329156317,10563.4912109375,66.69522094726562,10630.1865234375,18.824557304382324
198,8.664796256936691,10561.4970703125,66.44126892089844,10627.939453125,18.918307781219482
199,8.661414468009141,10563.845703125,66.02153015136719,10629.8671875,19.00144934654236
200,8.633716568865855,10575.29296875,65.60371398925781,10640.896484375,19.081463098526
201,8.619295074122634,10572.73046875,65.13655090332031,10637.8671875,19.163971424102783
202,8.603268151387717,10557.287109375,65.16484832763672,10622.451171875,19.24586772918701
203,8.583152513955126,10552.2158203125,65.10572052001953,10617.322265625,19.330385446548462
204,8.561502741663269,10550.5400390625,64.9288330078125,10615.4697265625,19.419888734817505
205,8.546084238902196,10548.212890625,64.62993621826172,10612.8427734375,19.508427619934082
206,8.534064133678683,10546.3642578125,64.33100891113281,10610.6943359375,19.59993314743042
207,8.517495144032475,10544.2939453125,64.12870788574219,10608.4228515625,19.688438653945923
208,8.50268635227124,10542.31640625,63.85459518432617,10606.171875,19.775964498519897
209,8.485739351997056,10540.2822265625,63.61180114746094,10603.8935546875,19.867472887039185
210,8.469966163004898,10538.2314453125,63.34499740600586,10601.5751953125,19.958982706069946
211,8.453948013532335,10536.1357421875,63.08497619628906,10599.220703125,20.051488876342773
212,8.439646728707576,10534.1103515625,62.806495666503906,10596.916015625,20.141000747680664
213,8.450356845253506,10549.07421875,62.21099090576172,10611.28515625,20.224507570266724
214,8.369417064716215,10553.4248046875,62.77392578125,10616.1982421875,20.303556442260742
215,8.362635858208344,10530.0693359375,62.064186096191406,10592.1328125,20.387550592422485
216,8.366005320706403,10525.46875,61.86964416503906,10587.337890625,20.475574493408203
217,8.358264702400458,10522.6357421875,61.62672424316406,10584.26171875,20.558074235916138
218,8.344358037575198,10519.5078125,61.381778717041016,10580.8896484375,20.64459490776062
219,8.328409581762166,10515.2373046875,61.21649932861328,10576.4541015625,20.73339295387268
220,8.311406470134033,10510.3583984375,61.08906173706055,10571.447265625,20.821932792663574
221,8.295556651274588,10504.2216796875,60.9031867980957,10565.125,20.9148850440979
222,8.27914404939147,10496.7490234375,60.70932388305664,10557.458984375,21.002992868423462
223,8.259985545769444,10488.9091796875,60.56329345703125,10549.47265625,21.091140508651733
224,8.245561386894842,10481.8212890625,60.479583740234375,10542.3017578125,21.182162523269653
225,8.237055809973958,10474.951171875,60.53255844116211,10535.4833984375,21.27268075942993
226,8.232487569215508,10468.2724609375,60.60259246826172,10528.875,21.365182876586914
227,8.220542022407317,10482.5361328125,60.69344711303711,10543.2294921875,21.4475257396698
228,8.205097187861325,10459.5380859375,60.728355407714844,10520.2666015625,21.532033681869507
229,8.19663062557146,10453.8974609375,60.713890075683594,10514.611328125,21.616203546524048
230,8.2109752650697,10439.373046875,60.408714294433594,10499.78125,21.70324969291687
231,8.213341597754555,10433.1513671875,60.31370544433594,10493.46484375,21.796138286590576
232,8.210675154076458,10425.837890625,60.25074768066406,10486.0888671875,21.933659315109253
233,8.208960405693725,10419.9375,60.14154052734375,10480.0791015625,22.064178228378296
234,8.193316757525743,10403.955078125,60.29105758666992,10464.24609375,22.193217039108276
235,8.183378308758757,10394.9306640625,60.4544677734375,10455.3857421875,22.33238434791565
236,8.159138624393522,10401.0986328125,60.751060485839844,10461.8505859375,22.445831537246704
237,8.189699036664733,10376.353515625,60.196319580078125,10436.5498046875,22.562342643737793
238,8.166904624715862,10367.1494140625,60.45150375366211,10427.6015625,22.700698852539062
239,8.185844683487382,10357.654296875,60.29667663574219,10417.951171875,22.826366901397705
240,8.170998739661442,10350.9921875,60.46991729736328,10411.4619140625,22.952876567840576
241,8.168520918788902,10339.04296875,60.513526916503906,10399.556640625,23.066384315490723
242,8.171138472501614,10328.7509765625,60.37036895751953,10389.12109375,23.202730655670166
243,8.176221065372937,10322.0439453125,60.201271057128906,10382.2451171875,23.35474181175232
244,8.194156704923262,10362.560546875,59.56378173828125,10422.1240234375,23.469250440597534
245,8.146373420325885,10309.3193359375,60.22166061401367,10369.541015625,23.583760738372803
246,8.137204460179559,10301.0810546875,60.07109069824219,10361.15234375,23.700774669647217
247,8.14644211313867,10294.59375,59.572486877441406,10354.166015625,23.823004722595215
248,8.130237308058609,10283.63671875,59.50394058227539,10343.1416015625,23.948017835617065
249,8.117206016377756,10277.2744140625,59.279991149902344,10336.5537109375,24.078069925308228
250,8.109813633959533,10269.841796875,58.97187042236328,10328.8134765625,24.211082696914673
251,8.095826256590202,10269.2607421875,58.715858459472656,10327.9765625,24.336426496505737
252,8.07015971845937,10267.712890625,58.735198974609375,10326.4482421875,24.449521780014038
253,8.063280689200184,10253.3173828125,58.255577087402344,10311.572265625,24.57202935218811
254,8.063807259996215,10243.2568359375,57.78791046142578,10301.044921875,24.68954110145569
255,8.065014549530975,10242.3447265625,57.32497024536133,10299.669921875,24.82088613510132
256,8.052318989228198,10252.640625,56.85133743286133,10309.4921875,24.929394483566284
257,8.016015377381894,10225.580078125,57.14714050292969,10282.7265625,25.068902492523193
258,8.013206169343999,10214.287109375,56.70427703857422,10270.9912109375,25.193706035614014
259,8.000365118151693,10210.3076171875,56.61911392211914,10266.9267578125,25.320213556289673
260,7.979378791671991,10205.2646484375,56.54180145263672,10261.806640625,25.441720962524414
261,7.983289823957222,10188.1318359375,56.14943313598633,10244.2802734375,25.565813779830933
262,7.982018449292051,10180.6142578125,56.03908920288086,10236.6533203125,25.70182967185974
263,7.975258294711974,10170.662109375,56.02812957763672,10226.6904296875,25.833298921585083
264,7.96361988062903,10165.5126953125,55.833518981933594,10221.345703125,25.967806577682495
265,7.922983804931309,10200.32421875,55.96485137939453,10256.2890625,26.08190083503723
266,7.9374770037781905,10150.1640625,54.909427642822266,10205.07421875,26.184410333633423
267,7.947962130694406,10146.453125,54.7194709777832,10201.1728515625,26.28191876411438
268,7.926798264530638,10134.33984375,54.546119689941406,10188.8857421875,26.401960849761963
269,7.909181105579781,10127.65625,54.188873291015625,10181.8447265625,26.509039163589478
270,7.901259356984907,10121.796875,53.70998764038086,10175.5068359375,26.613545656204224
271,7.885549197156813,10119.373046875,53.317447662353516,10172.6904296875,26.712056159973145
272,7.872597427920867,10109.58984375,53.01947021484375,10162.609375,26.819345951080322
273,7.849934651158886,10102.955078125,52.74662780761719,10155.7021484375,26.930686235427856
274,7.832767974359173,10095.9833984375,52.44735336303711,10148.4306640625,27.0341956615448
275,7.810226639034839,10092.48046875,52.214622497558594,10144.6953125,27.136704444885254
276,7.778575476396303,10112.7509765625,52.15914535522461,10164.91015625,27.232723236083984
277,7.802858779472935,10085.9033203125,50.98748016357422,10136.890625,27.3429012298584
278,7.77309253917682,10071.2109375,51.154850006103516,10122.3662109375,27.446388006210327
279,7.765028207101149,10063.6015625,50.67552947998047,10114.2763671875,27.553895473480225
280,7.742413894627836,10068.4833984375,50.723167419433594,10119.20703125,27.661221981048584
281,7.7466575361193,10053.177734375,50.07487487792969,10103.2529296875,27.78725504875183
282,7.726457973453763,10042.5732421875,50.03678894042969,10092.6103515625,27.90120220184326
283,7.721153712161918,10035.3955078125,49.69010543823242,10085.0859375,28.005711317062378
284,7.712951464327013,10029.8818359375,49.383453369140625,10079.2646484375,28.132219791412354
285,7.701760057776723,10061.7666015625,48.98351287841797,10110.75,28.231101989746094
286,7.679239482696657,10040.708984375,49.25248718261719,10089.9609375,28.33062219619751
287,7.6758910948718855,10012.0517578125,48.709388732910156,10060.76171875,28.455190420150757
288,7.6827408907637205,10007.94140625,48.598052978515625,10056.5390625,28.57487416267395
289,7.659858848285129,10000.8740234375,48.61195373535156,10049.486328125,28.693904638290405
290,7.655479954689934,9994.3388671875,48.18309783935547,10042.521484375,28.819966316223145
291,7.641581627136904,9987.947265625,48.11924743652344,10036.06640625,28.939478635787964
292,7.633028848370633,9987.3212890625,48.031044006347656,10035.3515625,29.054996252059937
293,7.628536693183883,9981.68359375,47.525489807128906,10029.208984375,29.168511390686035
294,7.607760180220138,9974.4404296875,47.57783508300781,10022.0185546875,29.288026571273804
295,7.595273466730285,9965.798828125,47.252506256103516,10013.05078125,29.40480327606201
296,7.578034939697807,9960.51171875,47.044288635253906,10007.5556640625,29.526928186416626
297,7.533307146961441,9991.24609375,47.077659606933594,10038.32421875,29.6460018157959
298,7.566983121031664,9973.3056640625,45.8695068359375,10019.17578125,29.766501426696777
299,7.546260251474179,9944.990234375,46.21015167236328,9991.201171875,29.87700843811035
300,7.531880385881507,9972.5302734375,45.755035400390625,10018.28515625,29.99338459968567
301,7.516548658577464,9933.162109375,45.63676834106445,9978.798828125,30.107276916503906
302,7.502853122642552,9927.849609375,45.36704635620117,9973.216796875,30.22126841545105
303,7.488672893946507,9921.3076171875,45.139930725097656,9966.447265625,30.33977460861206
304,7.4740375603754705,9915.19140625,44.75925064086914,9959.951171875,30.46128273010254
305,7.460593689348397,9908.1728515625,44.54755401611328,9952.7197265625,30.584791660308838
306,7.443094312824371,9908.23828125,44.45338821411133,9952.6923828125,30.712146043777466
307,7.439398924770882,9903.125,43.81342697143555,9946.9384765625,30.82517719268799
308,7.417213005472038,9891.677734375,43.75397491455078,9935.431640625,30.94468593597412
309,7.401137573015188,9885.875,43.56955337524414,9929.4443359375,31.055196285247803
310,7.386713945816378,9877.830078125,43.23650360107422,9921.06640625,31.15170192718506
311,7.36730116702265,9871.6650390625,42.98563003540039,9914.650390625,31.243212938308716
312,7.321860806910909,9894.6435546875,43.143524169921875,9937.787109375,31.326263189315796
313,7.3592321305450445,9897.453125,41.680667877197266,9939.1328125,31.411396026611328
314,7.341192599924388,9853.546875,42.25802230834961,9895.8046875,31.49576163291931
315,7.316499087700504,9849.9501953125,42.3617057800293,9892.3115234375,31.576761960983276
316,7.295417711294899,9840.314453125,41.94886779785156,9882.263671875,31.663270950317383
317,7.281471384257479,9831.4326171875,41.55910873413086,9872.9912109375,31.75308895111084
318,7.27095967310214,9883.22265625,41.05546569824219,9924.2783203125,31.83810830116272
319,7.2629002840528365,9821.853515625,41.21199417114258,9863.0654296875,31.925392866134644
320,7.240972483168882,9814.265625,41.16600799560547,9855.431640625,32.00948429107666
321,7.220637034290465,9804.5458984375,41.08246612548828,9845.6279296875,32.09799242019653
322,7.207505430583063,9794.890625,40.76146697998047,9835.65234375,32.1869957447052
323,7.192752018351202,9785.80078125,40.74932098388672,9826.55078125,32.277503490448
324,7.179303063672875,9807.560546875,40.913368225097656,9848.4736328125,32.36101222038269
325,7.174944683569318,9800.08203125,40.36872100830078,9840.4501953125,32.443522930145264
326,7.152599289494772,9767.0576171875,40.45710754394531,9807.5146484375,32.528034925460815
327,7.137074424380829,9756.728515625,40.41100311279297,9797.140625,32.6135470867157
328,7.124723296467416,9743.6875,40.23031234741211,9783.91796875,32.7010555267334
329,7.107930928977574,9729.9794921875,40.250343322753906,9770.23046875,32.789722204208374
330,7.100978054959391,9714.826171875,40.35631561279297,9755.1826171875,32.879743337631226
331,7.101116651340603,9696.5166015625,40.60401916503906,9737.1201171875,32.971503257751465
332,7.105071805747429,9735.0703125,42.977455139160156,9778.0478515625,33.05100965499878
333,7.128111404206978,9627.3466796875,42.68172073364258,9670.0283203125,33.133079290390015
334,7.084191175801394,9544.578125,41.84530258178711,9586.4228515625,33.2181715965271
335,7.059927218928504,9486.0419921875,40.7908935546875,9526.8330078125,33.30930685997009
336,7.058174423066212,9448.505859375,40.51415252685547,9489.01953125,33.40135478973389
337,7.064695069283315,9419.6962890625,40.1894416809082,9459.8857421875,33.49235653877258
338,7.038344535531581,9390.595703125,39.67119216918945,9430.2666015625,33.58061671257019
339,7.019264652020867,9357.7890625,39.26509475708008,9397.0537109375,33.66663908958435
340,7.053578208215162,9391.9560546875,39.08854675292969,9431.0439453125,33.75327205657959
341,7.01078027129939,9335.876953125,40.514854431152344,9376.3916015625,33.83477830886841
342,7.082322699931153,9164.32421875,41.186885833740234,9205.5107421875,33.92695951461792
343,7.155037599864273,9045.9580078125,44.511863708496094,9090.4697265625,34.014073848724365
344,7.193190947017389,8964.7197265625,48.15241241455078,9012.87109375,34.102108001708984
345,7.178222605677069,8922.90234375,50.289833068847656,8973.1923828125,34.198182821273804
346,7.147562037815878,8896.79296875,50.65371322631836,8947.4462890625,34.28518486022949
347,7.120981715819313,8877.9677734375,50.2668571472168,8928.234375,34.374311685562134
348,7.0972342642062936,8862.552734375,49.554603576660156,8912.107421875,34.465348958969116
349,7.069245350988014,8849.431640625,48.676876068115234,8898.1083984375,34.55238723754883
350,7.038739339897068,8837.5703125,47.89093017578125,8885.4609375,34.64052391052246
351,7.0112277066814945,8826.5517578125,47.251556396484375,8873.8037109375,34.73068380355835
352,6.983638524221601,8816.1484375,46.70551300048828,8862.853515625,34.81575536727905
353,6.9541635120936665,8806.2861328125,46.16573715209961,8852.4521484375,34.9027738571167
354,6.924981172881129,8796.841796875,45.6517333984375,8842.494140625,34.99277639389038
355,6.895043118639993,8787.9423828125,45.204994201660156,8833.1474609375,35.07982659339905
356,6.821261704439185,8849.8486328125,45.436439514160156,8895.2861328125,35.161927223205566
357,6.824920862349058,8788.4580078125,43.64657211303711,8832.1044921875,35.24498915672302
358,6.8164371663700845,8770.5048828125,43.606441497802734,8814.111328125,35.32702350616455
359,6.797835811106909,8758.71875,43.363128662109375,8802.0810546875,35.41003489494324
360,6.771546109749666,8749.7333984375,43.012088775634766,8792.7451171875,35.49816560745239
361,6.745660419338495,8741.333984375,42.699981689453125,8784.0341796875,35.588300943374634
362,6.718335656156997,8733.380859375,42.433135986328125,8775.8134765625,35.675368309020996
363,6.691131797668647,8726.3447265625,42.140289306640625,8768.4853515625,35.762038707733154
364,6.668178313014254,8719.3427734375,41.77473449707031,8761.1181640625,35.85154747962952
365,6.641636192557552,8712.404296875,41.49285888671875,8753.8974609375,35.94362115859985
366,6.617214443983743,8705.5830078125,41.17411804199219,8746.7578125,36.03348660469055
367,6.59258783988978,8698.9150390625,40.860294342041016,8739.775390625,36.121520042419434
368,6.576668776567925,8698.9755859375,40.36793899536133,8739.34375,36.20870566368103
369,6.5443333816537335,8713.369140625,39.74768829345703,8753.1162109375,36.29063034057617
370,6.499839469019853,8684.021484375,40.138824462890625,8724.16015625,36.3731369972229
371,6.483598758425238,8673.5322265625,39.65861511230469,8713.19140625,36.46064829826355
372,6.454770242784245,8666.70703125,39.54149627685547,8706.248046875,36.54615902900696
373,6.431318495246363,8661.0205078125,39.09380340576172,8700.1142578125,36.636667251586914
374,6.399781374827699,8653.5888671875,38.84132385253906,8692.4306640625,36.72945284843445
375,6.375764072883239,8648.8896484375,38.48023223876953,8687.3701171875,36.81796407699585
376,6.371365198392662,8732.4697265625,37.467872619628906,8769.9375,36.89696645736694
377,6.289734871488438,8650.6865234375,38.14030456542969,8688.8271484375,36.982473373413086
378,6.264530522744535,8636.1025390625,37.85047912597656,8673.953125,37.06598377227783
379,6.251342290153076,8621.17578125,37.39952087402344,8658.576171875,37.14749479293823
380,6.225307707229173,8613.75390625,37.181060791015625,8650.935546875,37.23900508880615
381,6.188012273444234,8604.9765625,37.08470916748047,8642.060546875,37.32951784133911
382,6.161135233607665,8594.0654296875,36.74623107910156,8630.8115234375,37.41802763938904
383,6.119229880922675,8583.6591796875,36.454036712646484,8620.11328125,37.50853753089905
384,6.067038440625869,8667.9873046875,36.018959045410156,8704.005859375,37.59053921699524
385,6.0257336405999,8581.595703125,35.4602165222168,8617.0556640625,37.67304611206055
386,6.007388363854435,8560.681640625,35.201087951660156,8595.8828125,37.75541114807129
387,6.0109632485380855,8546.0166015625,34.962406158447266,8580.978515625,37.840919733047485
388,5.999888207680491,8535.029296875,34.85906219482422,8569.8876953125,37.92842984199524
389,5.992138569115364,8539.3251953125,34.53104782104492,8573.85546875,38.01193857192993
390,5.939914424736177,8518.5810546875,34.51582336425781,8553.0966796875,38.09294152259827
391,5.946699611616075,8509.14453125,34.46405029296875,8543.607421875,38.181079387664795
392,5.912060458936937,8499.1328125,34.753631591796875,8533.8857421875,38.26527643203735
393,5.90885206942782,8485.326171875,34.4042854309082,8519.73046875,38.35678720474243
394,5.880198603769474,8473.25,34.465415954589844,8507.7158203125,38.451294898986816
395,5.866570442532247,8461.201171875,34.29339599609375,8495.494140625,38.54061484336853
396,5.8532526756114915,8450.8603515625,34.16441345214844,8485.0244140625,38.62978482246399
397,5.864763335774282,8488.748046875,33.67166519165039,8522.419921875,38.711387157440186
398,5.776507505767796,8462.87890625,34.349464416503906,8497.228515625,38.79338812828064
399,5.784686755448599,8416.166015625,33.91767883300781,8450.0830078125,38.88115429878235
400,5.7829679561525245,8409.6533203125,33.781734466552734,8443.4345703125,38.964263916015625
401,5.757819497705095,8390.6181640625,33.85103988647461,8424.4697265625,39.053396701812744
402,5.728900138433222,8379.2548828125,33.820350646972656,8413.076171875,39.14052438735962
403,5.710239089609831,8402.263671875,33.71877670288086,8435.9833984375,39.22195219993591
404,5.702064498270632,8390.06640625,33.38690185546875,8423.453125,39.3024582862854
405,5.677650701396486,8346.4521484375,33.501766204833984,8379.9541015625,39.385459899902344
406,5.646494286490365,8331.03515625,33.56936264038086,8364.603515625,39.47296500205994
407,5.628122253770174,8315.556640625,33.487586975097656,8349.0439453125,39.560473680496216
408,5.6112513542945575,8303.7626953125,33.4475212097168,8337.2099609375,39.6446430683136
409,5.500574059087072,8350.87109375,34.21953201293945,8385.0908203125,39.72801852226257
410,5.60213476796346,8325.220703125,32.751399993896484,8357.97265625,39.80752515792847
411,5.564475891040039,8273.419921875,32.973487854003906,8306.3935546875,39.8935284614563
412,5.513876565478326,8251.8583984375,33.296409606933594,8285.1552734375,39.98099136352539
413,5.470744831174012,8240.2666015625,33.30939865112305,8273.576171875,40.06749892234802
414,5.468589292601238,8225.2451171875,32.93413543701172,8258.1796875,40.15300369262695
415,5.458388503245244,8212.1513671875,32.79191970825195,8244.943359375,40.242512941360474
416,5.438182087138166,8208.2216796875,32.593421936035156,8240.814453125,40.327019691467285
417,5.4325058634626995,8198.642578125,32.30380630493164,8230.9462890625,40.4055278301239
418,5.396548130378498,8190.4169921875,32.14311981201172,8222.560546875,40.48801779747009
419,5.358650992015517,8168.0693359375,32.062774658203125,8200.1318359375,40.574225664138794
420,5.331420496090396,8150.60595703125,32.07915115356445,8182.68505859375,40.660419940948486
421,5.3076276366166315,8134.53173828125,31.994796752929688,8166.5263671875,40.74673676490784
422,5.263613543315687,8121.68994140625,31.905906677246094,8153.59619140625,40.8337881565094
423,5.134031729584198,8165.646484375,32.4298210144043,8198.076171875,40.915902614593506
424,5.269260795798321,8141.44677734375,30.675668716430664,8172.12255859375,40.995904207229614
425,5.211700363306509,8086.93212890625,30.955469131469727,8117.8876953125,41.07740926742554
426,5.148718612037013,8074.3330078125,31.000946044921875,8105.33447265625,41.1579167842865
427,5.116671137094193,8056.6787109375,30.744571685791016,8087.42333984375,41.2469847202301
428,5.105195899809439,8043.86181640625,30.337162017822266,8074.19921875,41.33548951148987
429,5.056612690052126,8029.58984375,30.193099975585938,8059.783203125,41.42699956893921
430,5.0448025297541195,8015.90185546875,29.821584701538086,8045.7236328125,41.52001428604126
431,5.013415400107202,8002.36962890625,29.555068969726562,8031.9248046875,41.61005115509033
432,5.033491624886665,7997.85009765625,29.042516708374023,8026.89306640625,41.69405198097229
433,4.966939298218484,8016.66455078125,28.594755172729492,8045.2587890625,41.77319025993347
434,4.960300775108451,7976.3486328125,28.550312042236328,8004.8984375,41.856284618377686
435,4.874942067442141,7952.841796875,28.910701751708984,7981.75244140625,41.93838167190552
436,4.866184282913454,7937.32080078125,28.465662002563477,7965.7861328125,42.02552008628845
437,4.863424444709486,7923.83154296875,28.245943069458008,7952.07763671875,42.112574100494385
438,4.843079954950317,7909.7763671875,28.078125,7937.8544921875,42.20284867286682
439,4.920137187174219,7996.02099609375,27.45047378540039,8023.4716796875,42.28384757041931
440,4.682533565213971,7935.55908203125,28.358417510986328,7963.91748046875,42.36435675621033
441,4.711826894271472,7900.54052734375,27.962732315063477,7928.50341796875,42.450865745544434
442,4.725655659466653,7868.990234375,27.548072814941406,7896.5380859375,42.53489089012146
443,4.714275617357024,7853.68505859375,27.10580825805664,7880.791015625,42.62439727783203
444,4.6932760870338806,7839.87548828125,26.83272361755371,7866.7080078125,42.711360692977905
445,4.676576179658702,7828.2646484375,26.625186920166016,7854.8896484375,42.79836130142212
446,4.661783219851566,7817.18896484375,26.423376083374023,7843.61279296875,42.8843789100647
447,4.636953361428892,7806.03173828125,26.246212005615234,7832.27783203125,42.97446370124817
448,4.619712779548266,7795.009765625,26.01301383972168,7821.02294921875,43.061556339263916
449,4.60294324866437,7783.9951171875,25.804296493530273,7809.79931640625,43.1496319770813
450,4.5862937955602225,7773.0322265625,25.587265014648438,7798.61962890625,43.239529848098755
451,4.556338613092676,7762.3134765625,25.422012329101562,7787.73583984375,43.32654619216919
452,4.46391871032329,7832.8193359375,25.88898277282715,7858.70849609375,43.41459035873413
453,4.616734651654615,7812.69921875,24.427352905273438,7837.126953125,43.49559140205383
454,4.523201403760571,7741.84375,24.6601619720459,7766.50390625,43.57571339607239
455,4.499367212896396,7724.61181640625,24.519973754882812,7749.13232421875,43.659221172332764
456,4.485287402152223,7714.50146484375,24.3154296875,7738.81640625,43.74580192565918
457,4.473994575921501,7703.46435546875,24.077171325683594,7727.54150390625,43.83491563796997
458,4.463445651662219,7693.8662109375,23.83770751953125,7717.7041015625,43.923526763916016
459,4.449539117087808,7684.26416015625,23.65760040283203,7707.921875,44.01303315162659
460,4.442799974828423,7674.88037109375,23.41644859313965,7698.29638671875,44.100035190582275
461,4.444042076600914,7666.22021484375,23.14823341369629,7689.36865234375,44.190141439437866
462,4.585004744698196,7763.94091796875,22.101940155029297,7786.04248046875,44.269203662872314
463,4.395947275679805,7699.8798828125,23.159610748291016,7723.03955078125,44.350701093673706
464,4.38358238780117,7653.85498046875,22.82613754272461,7676.6806640625,44.433207273483276
465,4.381276906415891,7635.45556640625,22.493988037109375,7657.94970703125,44.51823830604553
466,4.384861314749712,7625.00390625,22.225616455078125,7647.22998046875,44.6002402305603
467,4.3828739250901245,7616.244140625,22.042762756347656,7638.287109375,44.68424892425537
468,4.3711697632568765,7607.25439453125,21.88732147216797,7629.1416015625,44.7723913192749
469,4.370233018768679,7598.4365234375,21.663604736328125,7620.10009765625,44.862464904785156
470,4.361432985608104,7590.0693359375,21.50026512145996,7611.5693359375,44.95151090621948
471,4.355649479821559,7581.64111328125,21.332990646362305,7602.97412109375,45.04263401031494
472,4.342008143808572,7573.5283203125,21.19601821899414,7594.72412109375,45.127657413482666
473,4.2134169782766735,7632.27978515625,21.69475746154785,7653.974609375,45.210774421691895
474,4.4040394067865645,7685.62548828125,20.28459358215332,7705.91015625,45.291775941848755
475,4.351959874381768,7582.3984375,20.333070755004883,7602.73193359375,45.37079858779907
476,4.3374691791581865,7553.05322265625,20.17856216430664,7573.232421875,45.45393705368042
477,4.334679585679894,7537.630859375,20.208282470703125,7557.83935546875,45.540194034576416
478,4.314489057526169,7529.361328125,20.085988998413086,7549.447265625,45.62469744682312
479,4.3054678842345995,7521.197265625,19.89120101928711,7541.0888671875,45.712592363357544
480,4.301965796607596,7513.13720703125,19.710994720458984,7532.84814453125,45.80060029029846
481,4.290917878933416,7505.466796875,19.577922821044922,7525.044921875,45.894633769989014
482,4.284042780459381,7497.9443359375,19.406999588012695,7517.35107421875,45.98413920402527
483,4.278438549911887,7490.4375,19.224151611328125,7509.66162109375,46.07264685630798
484,4.27639129276248,7483.15234375,19.024518966674805,7502.1767578125,46.16215801239014
485,4.367051271085976,7523.1416015625,18.391571044921875,7541.53369140625,46.24666428565979
486,4.172075302270723,7571.71923828125,19.445358276367188,7591.16455078125,46.32717823982239
487,4.20599000358472,7492.65478515625,18.876516342163086,7511.53125,46.409688234329224
488,4.21579347928795,7467.33349609375,18.48866844177246,7485.822265625,46.49969148635864
489,4.217392108307544,7453.54150390625,18.286380767822266,7471.82763671875,46.58619785308838
490,4.206508246009091,7444.18115234375,18.03878402709961,7462.22021484375,46.678921937942505
491,4.195470666803909,7456.68994140625,17.827789306640625,7474.517578125,46.76164484024048
492,4.206502157986194,7434.20166015625,17.622854232788086,7451.82470703125,46.84415531158447
493,4.188685619522544,7426.0986328125,17.475967407226562,7443.57421875,46.92919588088989
494,4.179042541332778,7415.267578125,17.37748146057129,7432.64501953125,47.01721906661987
495,4.171414137182212,7407.5068359375,17.20711326599121,7424.7138671875,47.10547375679016
496,4.160840088271293,7400.4853515625,17.034072875976562,7417.51953125,47.19366097450256
497,4.150550874846127,7393.3720703125,16.863677978515625,7410.23583984375,47.285165309906006
498,4.1419657170352675,7386.69287109375,16.679641723632812,7403.37255859375,47.377679109573364
499,4.170131704912598,7391.66064453125,16.360157012939453,7408.0205078125,47.46734070777893
